/*
SQLyog Ultimate v12.08 (64 bit)
MySQL - 5.5.58 : Database - store
*********************************************************************
*/

/*!40101 SET NAMES utf8 */;

/*!40101 SET SQL_MODE=''*/;

/*!40014 SET @OLD_UNIQUE_CHECKS=@@UNIQUE_CHECKS, UNIQUE_CHECKS=0 */;
/*!40014 SET @OLD_FOREIGN_KEY_CHECKS=@@FOREIGN_KEY_CHECKS, FOREIGN_KEY_CHECKS=0 */;
/*!40101 SET @OLD_SQL_MODE=@@SQL_MODE, SQL_MODE='NO_AUTO_VALUE_ON_ZERO' */;
/*!40111 SET @OLD_SQL_NOTES=@@SQL_NOTES, SQL_NOTES=0 */;
CREATE DATABASE /*!32312 IF NOT EXISTS*/`store` /*!40100 DEFAULT CHARACTER SET utf8 */;

USE `store`;

/*Table structure for table `category` */

DROP TABLE IF EXISTS `category`;

CREATE TABLE `category` (
  `cid` varchar(32) NOT NULL,
  `cname` varchar(20) DEFAULT NULL,
  PRIMARY KEY (`cid`)
) ENGINE=InnoDB DEFAULT CHARSET=utf8;

/*Data for the table `category` */

insert  into `category`(`cid`,`cname`) values ('1','手机数码'),('161D2BB80263450EA38781A649F34017','廉价图书'),('2','电脑办公'),('3','家具家居'),('3CB6538C046C4AA1AE5AA9DD3313CC87','hahhahh'),('4','鞋靴箱包'),('5','图书音像'),('5971E9DA791C49669168A55E2867E8D7','运动123'),('6','哈哈哈1234'),('983B3F020D9348138D901D5DBF3A70FA','运动'),('A477F439F61F4021A570CFB5B3095C68','xixixi');

/*Table structure for table `orderitem` */

DROP TABLE IF EXISTS `orderitem`;

CREATE TABLE `orderitem` (
  `itemid` varchar(32) NOT NULL,
  `count` int(11) DEFAULT NULL,
  `subtotal` double DEFAULT NULL,
  `pid` varchar(32) DEFAULT NULL,
  `oid` varchar(32) DEFAULT NULL,
  PRIMARY KEY (`itemid`),
  KEY `fk_0001` (`pid`),
  KEY `fk_0002` (`oid`),
  CONSTRAINT `fk_0001` FOREIGN KEY (`pid`) REFERENCES `product` (`pid`),
  CONSTRAINT `fk_0002` FOREIGN KEY (`oid`) REFERENCES `orders` (`oid`)
) ENGINE=InnoDB DEFAULT CHARSET=utf8;

/*Data for the table `orderitem` */

insert  into `orderitem`(`itemid`,`count`,`subtotal`,`pid`,`oid`) values ('00669F2E2FDD4EAA9CB128BD7A825D90',1,999,'21','7079CC1B43AD441BA69034DA586935B7'),('1613DB7D38464330BD57123A8F7EB71A',2,3398,'23','A05560A82D604590A42AC8B596B04D00'),('1DE96E1104774A01A06BD3F5F89FC1B8',2,8398,'9355B10DB2C746098DE15E2127ED84A9','28BAF31896C64192BCA22D7E1745E198'),('1EE2D46CAB094F96984DF56C33BF04A9',1,1699,'23','28BAF31896C64192BCA22D7E1745E198'),('338E1B98853B4984A89F22012D6132B9',2,4598,'50','442FC81AEDAB4434B7013DFE1E24C0DD'),('47C163B71B9A446FBDC731488DE47F13',1,1699,'23','15087DC8347B41B29E1ADC7F9C8977F0'),('4F88546D133747D7A8829FE40D348EF2',2,4598,'50','2C3EB3CE946040668F98700213AF716E'),('4FF63DF933D844B28148684711728BC0',1,1999,'4','A2EFCD94104B4B459988C8E62882C8A3'),('52E1CD4165C34E9BBCAB591FE40C7A4C',1,1699,'23','C018D6124E314E10B6C1081E79E757B1'),('65988D30093D467999DA79E61E423B24',3,17997,'42','15087DC8347B41B29E1ADC7F9C8977F0'),('774CC136B94E4DB4814A9089D2F40E7B',1,2499,'13','C1F004734CC84C738FDCD6565D6572B6'),('7B494C1E208547AFBA02974562311CA9',1,666.6,'567ED99135164905A10FE504A13E3B4E','C1F004734CC84C738FDCD6565D6572B6'),('8EB6896AF418432FA765A6B9124F3CE2',2,13376,'32','0328646DE0EC4BF985BF26A16D2A0BA0'),('9A0751584E4D4A9189EF785AECA482EA',3,17997,'42','A05560A82D604590A42AC8B596B04D00'),('9E48E1F377B74DD9A69C173C56F85FC3',3,53997,'12','15A645FD053B4452AC6ECFE15CDE0166'),('A001BD32A92B495D97F1C6CA10CE607E',3,9897,'37','78D63999DC324EC8847F4E07F781580B'),('ABA7504AFD4B4C36BF5EE3E337DC61CA',3,19797,'40','3E1D33F999204024939F89AE57B7DA10'),('AC2A4F73CC3347CC81A2EC6A7546DA46',4,5196,'1','78D63999DC324EC8847F4E07F781580B'),('AE561914506A46BD9D7876077440D4F7',4,5196,'1','5ED2F45BA34348D289B181741E4F8B13'),('B520EA46704B4F6FB33C4B7D7E47B19A',4,6796,'23','15A645FD053B4452AC6ECFE15CDE0166'),('BA8810D0BACC4219BD58A6EB645794F4',2,3398,'23','780EAA59B0EA4928B85E3502CE19C159'),('BEB1C321248A41CE9331CA722C96F9AF',3,17997,'42','46AA303E8C2D4F0797818C4BD84EAA98'),('C231884B87F54F36B7DAE0B82F982733',3,12864,'15','780EAA59B0EA4928B85E3502CE19C159'),('C7968904B9044F418C8A3384F9A1D302',1,9899,'45','442FC81AEDAB4434B7013DFE1E24C0DD'),('CC77912A786942639347EC39F6BB0FE0',3,12597,'33','2C3EB3CE946040668F98700213AF716E'),('CC8A3F76853D4CEA98588C8878973522',1,5999,'42','28BAF31896C64192BCA22D7E1745E198'),('D3C5DF2309CF42B0BADCA334E00D2E80',1,1699,'23','E03066E7063E40E5986102F950C4B5DA'),('D88ACE9AB7EF4FC2B4A5C3B7E8AE435E',2,3776,'48','15A645FD053B4452AC6ECFE15CDE0166'),('E6FC2C18B1D54176B3C876AE2113A35F',1,4087,'16','5ED2F45BA34348D289B181741E4F8B13'),('E784405822D4495F9A0AD7EDA21D5E31',2,3398,'23','46AA303E8C2D4F0797818C4BD84EAA98'),('E86EAD358C7848CB98E55E88F95F35A1',2,2796,'7','0328646DE0EC4BF985BF26A16D2A0BA0'),('EF3E7CE5E4DC4283A36EB2477F41C062',1,10599,'5516821DCAF84BF19EEC6A6BE45970ED','A2EFCD94104B4B459988C8E62882C8A3'),('EFAEA9349E8345B599AF665DCCFAE349',3,9897,'37','7079CC1B43AD441BA69034DA586935B7'),('F6758C074B8D458ABC122980B18C94EC',4,10796,'2','3E1D33F999204024939F89AE57B7DA10'),('F9ED3F8EB7A74C4891857128CB9F0FF2',1,10599,'5516821DCAF84BF19EEC6A6BE45970ED','C1F004734CC84C738FDCD6565D6572B6'),('FE320400C2B645C0BC1DEBD209142A06',1,17999,'12','A2EFCD94104B4B459988C8E62882C8A3');

/*Table structure for table `orders` */

DROP TABLE IF EXISTS `orders`;

CREATE TABLE `orders` (
  `oid` varchar(32) NOT NULL,
  `ordertime` datetime DEFAULT NULL,
  `total` double DEFAULT NULL,
  `state` int(11) DEFAULT NULL,
  `address` varchar(30) DEFAULT NULL,
  `name` varchar(20) DEFAULT NULL,
  `telephone` varchar(20) DEFAULT NULL,
  `uid` varchar(32) DEFAULT NULL,
  PRIMARY KEY (`oid`)
) ENGINE=InnoDB DEFAULT CHARSET=utf8;

/*Data for the table `orders` */

insert  into `orders`(`oid`,`ordertime`,`total`,`state`,`address`,`name`,`telephone`,`uid`) values ('0328646DE0EC4BF985BF26A16D2A0BA0','2021-07-01 23:07:35',16172,0,'123',NULL,'123456','85CE997D3B104D46B1358B17D28B49E0'),('15087DC8347B41B29E1ADC7F9C8977F0','2021-07-06 11:23:44',19696,1,'洛阳','lxy','18625983574','85CE997D3B104D46B1358B17D28B49E0'),('15A645FD053B4452AC6ECFE15CDE0166','2021-07-05 09:33:04',64569,3,'洛阳','lxy','12345678911','9E675FD08E844B50B208D4B1AC6BBCD5'),('28BAF31896C64192BCA22D7E1745E198','2021-07-05 09:04:38',16096,0,NULL,NULL,NULL,'577BE0F6AE81422C90FE0DF2F9B569BA'),('2C3EB3CE946040668F98700213AF716E','2021-07-01 16:42:59',17195,0,NULL,NULL,NULL,'85CE997D3B104D46B1358B17D28B49E0'),('3E1D33F999204024939F89AE57B7DA10','2021-07-01 16:47:09',30593,0,'henan',NULL,'18625983574','85CE997D3B104D46B1358B17D28B49E0'),('442FC81AEDAB4434B7013DFE1E24C0DD','2021-07-05 08:39:36',14497,3,'luoyang','lxy','18625983574','A651A4F779F447F380BD7EF3DA630D48'),('46AA303E8C2D4F0797818C4BD84EAA98','2021-07-05 20:22:27',21395,0,NULL,NULL,NULL,'85CE997D3B104D46B1358B17D28B49E0'),('5ED2F45BA34348D289B181741E4F8B13','2021-07-01 17:26:17',9283,0,'henan',NULL,'18625983577','85CE997D3B104D46B1358B17D28B49E0'),('7079CC1B43AD441BA69034DA586935B7','2021-07-05 22:33:59',10896,2,'广西','zhangsan','18625983577','85CE997D3B104D46B1358B17D28B49E0'),('780EAA59B0EA4928B85E3502CE19C159','2021-07-02 10:39:32',16262,2,'广西','191451081011','18564513212','85CE997D3B104D46B1358B17D28B49E0'),('78D63999DC324EC8847F4E07F781580B','2021-07-01 17:24:58',15093,0,'henan',NULL,'18625983577','85CE997D3B104D46B1358B17D28B49E0'),('A05560A82D604590A42AC8B596B04D00','2021-07-05 09:32:19',21395,0,NULL,NULL,NULL,'9E675FD08E844B50B208D4B1AC6BBCD5'),('A2EFCD94104B4B459988C8E62882C8A3','2021-07-05 08:40:15',30597,0,NULL,NULL,NULL,'A651A4F779F447F380BD7EF3DA630D48'),('C018D6124E314E10B6C1081E79E757B1','2021-07-02 13:12:47',1699,3,'henan',NULL,'18625983577','85CE997D3B104D46B1358B17D28B49E0'),('C1F004734CC84C738FDCD6565D6572B6','2021-07-05 09:06:04',13764.599999999999,3,'luoyang','lxy','18625983574','577BE0F6AE81422C90FE0DF2F9B569BA'),('E03066E7063E40E5986102F950C4B5DA','2021-07-02 10:45:50',1699,3,'henan','zhangsan','18625983577','85CE997D3B104D46B1358B17D28B49E0');

/*Table structure for table `product` */

DROP TABLE IF EXISTS `product`;

CREATE TABLE `product` (
  `pid` varchar(32) NOT NULL,
  `pname` varchar(50) DEFAULT NULL,
  `market_price` double DEFAULT NULL,
  `shop_price` double DEFAULT NULL,
  `pimage` varchar(200) DEFAULT NULL,
  `pdate` date DEFAULT NULL,
  `is_hot` int(11) DEFAULT NULL,
  `pdesc` varchar(255) DEFAULT NULL,
  `pflag` int(11) DEFAULT NULL,
  `cid` varchar(32) DEFAULT NULL,
  PRIMARY KEY (`pid`),
  KEY `sfk_0001` (`cid`),
  CONSTRAINT `sfk_0001` FOREIGN KEY (`cid`) REFERENCES `category` (`cid`)
) ENGINE=InnoDB DEFAULT CHARSET=utf8;

/*Data for the table `product` */

insert  into `product`(`pid`,`pname`,`market_price`,`shop_price`,`pimage`,`pdate`,`is_hot`,`pdesc`,`pflag`,`cid`) values ('06C6459671584935AC094D45F23F5078','小米11S 骁龙870 ',239,210,'products/0/E/579B9705016C4D2FA238746CEFB12044.jpg','2021-05-18',1,'小米10S 骁龙870 哈曼卡顿对称式双扬立体声 8GB+128GB 蓝色 旗舰手机',1,'1'),('1','小米 4c 标准版aa',13999,1299,'products/6/6/14BED1359B1945AA9163D7D633AD0837.jpg','2021-07-16',0,'小米 4c 标准版 全网通 白色 移动联通电信4G手机 双卡双待aaa',1,'1'),('10','华为 Ascend Mate8',2699,2599,'products/0/E/56E2E3FED4A245B9AB52B791E1967C4A.jpg','2021-07-07',1,'华为 Ascend Mate7 月光银 移动4G手机 双卡双待双通6英寸高清大屏，纤薄机身，智能超八核，按压式指纹识别！!选择下方“移动老用户4G飞享合约”，无需换号，还有话费每月返还！',1,'1'),('12','努比亚（nubia）My 布拉aaa格',1899,17999,'products/1/c_0013.jpg','2021-10-22',0,'努比亚（nubia）My 布拉格 银白 移动联通4G手机 双卡双待【嗨11，下单立减100】金属机身，快速充电！布拉格相机全新体验！',0,'1'),('13','华为 麦芒4',2599,2499,'products/1/c_0012.jpg','2021-08-01',1,'华为 麦芒4 晨曦金 全网通版4G手机 双卡双待金属机身 2.5D弧面屏 指纹解锁 光学防抖',0,'1'),('15','Apple iPhone 6 (A1586)',4399,4288,'products/1/c_0015.jpg','2015-11-02',1,'Apple iPhone 6 (A1586) 16GB 金色 移动联通电信4G手机长期省才是真的省！点击购机送费版，月月送话费，月月享优惠，畅享4G网络，就在联通4G！',0,'1'),('16','华为 HUAWEI Mate S 臻享版',4200,4087,'products/1/c_0016.jpg','2021-07-01',0,'华为 HUAWEI Mate S 臻享版 手机 极昼金 移动联通双4G(高配)满星评价即返30元话费啦；买就送电源+清水套+创意手机支架；优雅弧屏，mate7升级版',0,'1'),('17','索尼(SONY) E6533 Z3+',4099,3999,'products/1/c_0017.jpg','2015-11-02',0,'索尼(SONY) E6533 Z3+ 双卡双4G手机 防水防尘 涧湖绿索尼z3专业防水 2070万像素 移动联通双4G',0,'1'),('18','HTC One M9+',3599,3499,'products/1/c_0018.jpg','2015-11-02',0,'HTC One M9+（M9pw） 金银汇 移动联通双4G手机5.2英寸，8核CPU，指纹识别，UltraPixel超像素前置相机+2000万/200万后置双镜头相机！降价特卖，惊喜不断！',0,'1'),('19','HTC Desire 826d 32G 臻珠白',1599,1469,'products/1/c_0020.jpg','2021-06-29',1,'后置1300万+UltraPixel超像素前置摄像头+【双】前置扬声器+5.5英寸【1080p】大屏！',0,'1'),('1F188BC420794B7C9B5F35AD5C8B14EC','荣耀20Pro',2099,1899,'products/2/F/4EDDE93E77B24F1F82F81641C61C3B40.jpg','2021-07-05',1,'打游戏丝毫不卡',0,'1'),('2','中兴 AXON',2899,2699,'products/1/c_0002.jpg','2015-11-05',1,'中兴 AXON 天机 mini 压力屏版 B2015 华尔金 移动联通电信4G 双卡双待',0,'1'),('20','小米 红米2A 增强版 白色',649,549,'products/1/c_0019.jpg','2015-11-02',0,'新增至2GB 内存+16GB容量！4G双卡双待，联芯 4 核 1.5GHz 处理器！',0,'1'),('21','魅族 魅蓝note2 16GB 白色',1099,999,'products/1/c_0021.jpg','2022-01-01',0,'现货速抢，抢完即止！5.5英寸1080P分辨率屏幕，64位八核1.3GHz处理器，1300万像素摄像头，双色温双闪光灯！',0,'1'),('22','三星 Galaxy S5 (G9008W) 闪耀白',2099,1999,'products/1/c_0022.jpg','2020-12-01',1,'5.1英寸全高清炫丽屏，2.5GHz四核处理器，1600万像素',0,'1'),('23','sonim XP7700 4G手机',1799,1699,'products/1/c_0023.jpg','2022-01-09',1,'三防智能手机 移动/联通双4G 安全 黑黄色 双4G美国军工IP69 30天长待机 3米防水防摔 北斗',0,'1'),('236376712ABA4DB9BBD01F9724420894','中兴Axon 30Pro',3298,2998,'products/2/AA49A4CC866D484896747CC623B91682.jpg','2021-07-03',1,'中兴Axon 30Pro 6400万双主摄 120HZ屏 8GB+128GB 曜石黑 骁龙888 55W快充 A30Pro拍照游戏5G手机',0,'1'),('24','努比亚（nubia）Z9精英版 金色',3988,3888,'products/1/c_0024.jpg','2015-11-02',1,'移动联通电信4G手机 双卡双待真正的无边框！金色尊贵版！4GB+64GB大内存！',0,'1'),('25','Apple iPhone 6 Plus (A1524) 16GB 金色',5188,4988,'products/1/c_0025.jpg','2015-11-02',0,'Apple iPhone 6 Plus (A1524) 16GB 金色 移动联通电信4G手机 硬货 硬实力',0,'1'),('26','Apple iPhone 6s (A1700) 64G 玫瑰金色',6388,6088,'products/1/c_0026.jpg','2015-11-02',0,'Apple iPhone 6 Plus (A1524) 16GB 金色 移动联通电信4G手机 硬货 硬实力',0,'1'),('27','三星 Galaxy Note5（N9200）32G版',5588,5388,'products/1/c_0027.jpg','2015-11-02',0,'旗舰机型！5.7英寸大屏，4+32G内存！不一样的SPen更优化的浮窗指令！赠无线充电板！',0,'1'),('28','三星 Galaxy S6 Edge+（G9280）32G版 铂光金',5999,5888,'products/1/c_0028.jpg','2020-09-01',0,'赠移动电源+自拍杆+三星OTG金属U盘+无线充电器+透明保护壳',0,'1'),('29','LG G4（H818）陶瓷白 国际版',3018,2978,'products/1/c_0029.jpg','2015-11-02',0,'李敏镐代言，F1.8大光圈1600万后置摄像头，5.5英寸2K屏，3G+32G内存，LG年度旗舰机！',0,'1'),('2F3C2D3BA9C14499B6054FEE47E0C5CC','Redmi K40',2699,2399,'products/2/9a42dd07328d9c2d.jpg','2021-05-05',0,'Redmi K40 旗舰骁龙870 三星AMOLED 120Hz高刷直屏 4800万高清三摄相机 33W快充 12GB+256GB 墨羽 游戏电竞智能5G手机 小米 红米',0,'1'),('3','华为荣耀6',1599,1499,'products/1/c_0003.jpg','2015-11-02',0,'荣耀 6 (H60-L01) 3GB内存标准版 黑色 移动4G手机',0,'1'),('30','微软(Microsoft) Lumia 640 LTE DS (RM-1113)',1099,999,'products/1/c_0030.jpg','2015-11-02',0,'微软首款双网双卡双4G手机，5.0英寸高清大屏，双网双卡双4G！',0,'1'),('31','宏碁（acer）ATC705-N50 台式电脑',2399,2299,'products/1/c_0031.jpg','2015-11-02',0,'爆款直降，满千减百，品质宏碁，特惠来袭，何必苦等11.11，早买早便宜！',0,'2'),('32','Apple MacBook Air MJVE2CH/A 13.3英寸',6788,6688,'products/1/c_0032.jpg','2022-07-01',0,'宽屏笔记本电脑 128GB 闪存',0,'2'),('33','联想（ThinkPad） 轻薄系列E450C(20EH0001CD)',4399,4199,'products/1/c_0033.jpg','2015-11-02',0,'联想（ThinkPad） 轻薄系列E450C(20EH0001CD)14英寸笔记本电脑(i5-4210U 4G 500G 2G独显 Win8.1)',0,'2'),('34','联想（Lenovo）小新V3000经典版',4599,4499,'products/1/c_0034.jpg','2021-08-02',1,'14英寸超薄笔记本电脑（i7-5500U 4G 500G+8G SSHD 2G独显 全高清屏）黑色满1000減100，狂减！火力全开，横扫3天！',0,'2'),('3495F8203B35405789EDCA6F98B8E271','Redmi K30S',2799,2749,'products/2/21cc5f7bd5b38454.jpg','2020-12-23',0,' Redmi K30S 至尊纪念版 双模5G 骁龙865 144HzLCD旗舰屏幕 8GB+256GB 月光银 游戏手机 小米 红米 ',0,'1'),('35','华硕（ASUS）经典系列R557LI',3799,3699,'products/1/c_0035.jpg','2021-04-02',1,'15.6英寸笔记本电脑（i5-5200U 4G 7200转500G 2G独显 D刻 蓝牙 Win8.1 黑色）',0,'2'),('35FA569F2791430C9A938C79FE902581','小米11 Ultra 至尊',5499,5199,'products/2/a4ca10de872a8e9b.jpg','2021-01-14',0,' 小米11 Ultra 至尊 5G 骁龙888 2K AMOLED四曲面柔性屏 陶瓷工艺 12GB+256GB 黑色 游戏手机',0,'1'),('36','华硕（ASUS）X450J',4599,4399,'products/1/c_0036.jpg','2015-11-02',0,'14英寸笔记本电脑 （i5-4200H 4G 1TB GT940M 2G独显 蓝牙4.0 D刻 Win8.1 黑色）',0,'2'),('36ABA92A6C9843038869B6679F0CFA2B','OPPO K9',5999,5699,'products/2/a8985a8f9dc05290.jpg','2021-03-30',0,' OPPO K9 高通骁龙768G 65W超级闪充 90Hz OLED电竞屏 6400万AI三摄 8+128G 黑桃K 双模5G全网通游戏拍照手机',0,'1'),('37','戴尔（DELL）灵越 飞匣3000系列',3399,3299,'products/1/c_0037.jpg','2021-12-01',0,' Ins14C-4528B 14英寸笔记本（i5-5200U 4G 500G GT820M 2G独显 Win8）黑',0,'2'),('38','惠普(HP)WASD 暗影精灵',5699,5499,'products/1/c_0038.jpg','2015-11-02',0,'15.6英寸游戏笔记本电脑(i5-6300HQ 4G 1TB+128G SSD GTX950M 4G独显 Win10)',0,'2'),('39','Apple 配备 Retina 显示屏的 MacBook',11299,10288,'products/1/c_0039.jpg','2021-07-16',1,'Pro MF840CH/A 13.3英寸宽屏笔记本电脑 256GB 闪存',0,'2'),('3A3BDDF934B14CCFB0251DE33266F728','华为笔记本MateBook 16 锐龙版',7999,7699,'products/2/1/BAFE4C0227C74E95A0E3958EAC4081B5.jpg','2021-07-05',1,'华为笔记本MateBook 16 锐龙版 16英寸2.5K超清全面屏商务本超极本办公本手提笔记本电脑 皓月银｜锐龙R7',0,'2'),('3E1122B1B2E849DBB1B20D4233DA63B3','惠普战斗666',6666.6,8888,'products/8/4/988BEA887B3C400BA8C86F320EF65139.jpg','2021-07-03',1,'好电脑才能Coding好',1,'2'),('3E331CDB837542E3BD3F621C7EE48414','惠普（HP）战66 四代',6599,6199,'products/9/7/457C4F71EC8B4BD892606532887CD360.jpg','2021-06-26',0,'惠普（HP）战66 四代 15.6英寸轻薄笔记本电脑（i7-1165G7 16G 512G MX450 2G独显 高色域 一年上门+意外 ',0,'2'),('4','联想 P1',2199,1999,'products/1/c_0004.jpg','2015-11-02',0,'联想 P1 16G 伯爵金 移动联通4G手机充电5分钟，通话3小时！科技源于超越！品质源于沉淀！5000mAh大电池！高端商务佳配！',0,'1'),('40','机械革命（MECHREVO）MR X6S-M',6799,6599,'products/1/c_0040.jpg','2015-11-02',0,'15.6英寸游戏本(I7-4710MQ 8G 64GSSD+1T GTX960M 2G独显 IPS屏 WIN7)黑色',0,'2'),('408A183B25474ADAAB767010A58BEF8E','小米11 Ultra',5999,5699,'products/2/57dd81498c9031f7.jpg','2021-01-05',1,'小米11 Ultra 至尊 5G 骁龙888 2K AMOLED四曲面柔性屏 陶瓷工艺 12GB+256GB 黑色 游戏手机',0,'1'),('41','神舟（HASEE） 战神K660D-i7D2',5699,5499,'products/1/c_0041.jpg','2015-11-02',0,'15.6英寸游戏本(i7-4710MQ 8G 1TB GTX960M 2G独显 1080P)黑色',0,'2'),('42','微星（MSI）GE62 2QC-264XCN',6199,5999,'products/1/c_0042.jpg','2022-02-01',0,'15.6英寸游戏笔记本电脑（i5-4210H 8G 1T GTX960MG DDR5 2G 背光键盘）黑色',0,'2'),('43','雷神（ThundeRobot）G150S',5699,5499,'products/1/c_0043.jpg','2015-11-02',0,'15.6英寸游戏本 ( i7-4710MQ 4G 500G GTX950M 2G独显 包无亮点全高清屏) 金',0,'2'),('44','惠普（HP）轻薄系列 HP',3199,3099,'products/1/c_0044.jpg','2015-11-02',0,'15-r239TX 15.6英寸笔记本电脑（i5-5200U 4G 500G GT820M 2G独显 win8.1）金属灰',0,'2'),('45','未来人类（Terrans Force）T5',10999,9899,'products/1/c_0045.jpg','2021-07-18',0,'15.6英寸游戏本（i7-5700HQ 16G 120G固态+1TB GTX970M 3G GDDR5独显）黑',0,'2'),('46','戴尔（DELL）Vostro 3800-R6308 台式电脑',3299,3199,'products/1/c_0046.jpg','2015-11-02',0,'（i3-4170 4G 500G DVD 三年上门服务 Win7）黑',0,'2'),('47','联想（Lenovo）H3050 台式电脑',5099,4899,'products/1/c_0047.jpg','2021-04-01',1,'（i5-4460 4G 500G GT720 1G独显 DVD 千兆网卡 Win10）23英寸',0,'2'),('48','Apple iPad mini 2 ME279CH/A',2088,1888,'products/1/c_0048.jpg','2022-11-02',0,'（配备 Retina 显示屏 7.9英寸 16G WLAN 机型 银色）',0,'2'),('49','小米（MI）7.9英寸平板',1399,1299,'products/1/c_0049.jpg','2015-11-02',0,'WIFI 64GB（NVIDIA Tegra K1 2.2GHz 2G 64G 2048*1536视网膜屏 800W）白色',0,'2'),('5','摩托罗拉 moto x（x+1）',1799,1699,'products/1/c_0005.jpg','2015-11-01',0,'摩托罗拉 moto x（x+1）(XT1085) 32GB 天然竹 全网通4G手机11月11天！MOTO X震撼特惠来袭！1699元！带你玩转黑科技！天然材质，原生流畅系统！',0,'1'),('50','Apple iPad Air 2 MGLW2CH/A',2399,2299,'products/1/c_0050.jpg','2021-11-12',0,'（9.7英寸 16G WLAN 机型 银色）',0,'2'),('5516821DCAF84BF19EEC6A6BE45970ED','轻薄高性能16英寸设计师笔记本电脑',10999,10599,'products/2/B/8DFD6AC08C5D4C84BE1580DD4CE8B043.jpg','2021-07-05',1,' ROG幻16 轻薄高性能16英寸设计师笔记本电脑 (11代英特尔酷睿8核i7-11800H 16G RTX3060 2K屏165Hz P3色域)黑 ',0,'1'),('567ED99135164905A10FE504A13E3B4E','aaa手机',6666.6,666.6,'products/9/9/B11BE78D1B2448D6B719330860A8E473.jpg','2021-07-03',0,'手机哈哈哈哈哈',0,'1'),('5A51EFCCBE644869A5EB3CFBE83C3C3B','手机777',777.7,8888,'products/F/F/8B27F6FB58694927A22EEED7078B4E73.jpg','2021-07-03',0,'很牛的手机哈哈哈哈',0,'1'),('5B2D505B04A844CA95EC295B32A8A93C','OPPO Reno5 5G',1999,1988,'products/2/19f0f14558e58b40.jpg','2021-04-14',1,' OPPO Reno5 5G 6400万水光人像四摄 65W超级闪充 8+128 星河入梦 全网通手机',0,'1'),('5F4C69D9227D4C91BE700297F25742F9','Redmi Note 9 Pro 5G',1799,1599,'products/2/a2e900f693d6e973.jpg','2021-05-05',0,'Redmi Note 9 Pro 5G 一亿像素 骁龙750G 33W快充 120Hz刷新率 湖光秋色 8GB+128GB 游戏智能手机 小米 红米',0,'1'),('6','魅族 MX5 16GB 银黑色',1899,1799,'products/1/c_0006.jpg','2015-11-02',0,'魅族 MX5 16GB 银黑色 移动联通双4G手机 双卡双待送原厂钢化膜+保护壳+耳机！5.5英寸大屏幕，3G运行内存，2070万+500万像素摄像头！长期省才是真的省！',0,'1'),('63F293D48948448992E02BE0F3715536','ROG魔霸新锐 2021款',9999,8888,'products/A/8/90D21BB7F1B24236AE166D275F8492A6.jpg','2021-08-21',1,'ROG魔霸新锐 2021款 15.6英寸240Hz液金导热游戏本笔记本电脑(超频版8核R9 5900HX 16G 512G RTX3060 130W)',0,'2'),('66A8F9B16DCD414685E8236C0E143B18','ROG幻14 轻薄商务办公设计师',10999,8969,'products/4/9/DA91C005D27940F9B87E2B6A536575ED.jpg','2021-07-05',0,' ROG幻14 轻薄商务办公设计师14英寸2K屏游戏笔记本电脑(锐龙R9-4900HS 8核 7nm 16G 512G RTX2060MaxQ)经典白',0,'2'),('6EB2F46CEEF04178B16AA35AE0769BC2',' MIX FOLD 小米折叠屏手机',1099,999,'products/2/7db00451ced8c177.jpg','2021-06-20',0,' MIX FOLD 小米折叠屏手机 5G 2K+折叠屏 骁龙888 一亿像素 哈曼卡顿立体声四扬声器 12GB+512GB 黑色游戏手机',0,'1'),('7','三星 Galaxy On7',1499,1398,'products/1/c_0007.jpg','2019-08-24',0,'三星 Galaxy On7（G6000）昂小七 金色 全网通4G手机 双卡双待新品火爆抢购中！京东尊享千元良机！5.5英寸高清大屏！1300+500W像素！评价赢30元话费券！',0,'1'),('733A13EFFB7B4B85A7525EF193627F0E','惠普(HP)暗影精灵7',6799,6599,'products/5/C/5A9EEFF0569E49BCAA8E4299D5020339.jpg','2021-07-05',1,'惠普(HP)暗影精灵7 游戏本 16.1英寸笔记本电脑(i7-11800H 16G 512GSSD RTX3050 4G独显 高色域) ',0,'1'),('73BEF8821C7A49A68B1C1A6123E19412','荣耀Play5T活力版 超级快充',1199,1099,'products/2/14419EF2CE7246CB8E8EB7DEF8B99FAF.jpg','2021-07-01',1,'荣耀Play5T活力版 超级快充 5000mAh大电池 6.6英寸全面屏 全网通6GB+128GB幻夜黑 ',0,'1'),('7C721FA187684F78B8B1F07C780AEF3A','机械师T58-V 144Hz全面屏游戏本11代',7299,6899,'products/6/E/026CB385DABD4C7997C191401075B95C.jpg','2021-02-10',1,' 机械师T58-V 144Hz全面屏游戏本11代i7-11800H八核RTX3050独显笔记本电脑 加强版16G/512G PCIE高速固态',0,'2'),('8','NUU NU5',1288,1190,'products/1/c_0008.jpg','2015-11-02',0,'NUU NU5 16GB 移动联通双4G智能手机 双卡双待 晒单有礼 晨光金香港品牌 2.5D弧度前后钢化玻璃 随机附赠手机套+钢化贴膜 晒单送移动电源+蓝牙耳机',0,'1'),('8040E20B98C74941A2F14876BF3D508C',' Redmi Note 10 5G ',10999,10779,'products/2/8f11b023ca9b349c.jpg','2021-06-29',1,' Redmi Note 10 5G 天玑700 6.5英寸FHD+高清屏 18W快充 星云灰 4GB+128GB 游戏智能手机 小米 红米 ',0,'1'),('843512881B98461E9B0C1F7AAB4888B8','荣耀2066',2099,1999,'products/E/2/870E66499AAF4D7CA5366263DA94B4AC.jpg','2021-07-05',1,'荣耀20很好玩哦',0,'1'),('8BC923352E204C0A98D993E6AE9FB991','荣耀畅玩20',1099,999,'products/2/2fa0342ba547cfac.jpg','2021-06-17',0,'荣耀畅玩20 5000mAh超大电池续航 6.5英寸大屏 莱茵护眼 6GB+128GB 幻夜黑 双卡双待 全网',0,'1'),('8D20FF46A2994504A4BC90A45ED62AD8','华为mete40',2999,2899,'products/6/8/360AB4B60E1944E8A7E37158D9155566.jpg','2021-07-05',1,'华为mete40很好玩啊',0,'1'),('9','乐视（Letv）乐1pro（X800）',2399,2299,'products/1/c_0009.jpg','2015-11-02',0,'乐视（Letv）乐1pro（X800）64GB 金色 移动联通4G手机 双卡双待乐视生态UI+5.5英寸2K屏+高通8核处理器+4GB运行内存+64GB存储+1300万摄像头！',0,'1'),('9355B10DB2C746098DE15E2127ED84A9',' Redmi K40游戏增强版',4399,4199,'products/2/189c77ce09e4e553.jpg','2020-07-24',1,' Redmi K40游戏增强版 天玑1200旗舰处理器 67W闪充 120Hz高刷直屏 12GB+128GB 暗影 游戏5G手机',0,'1'),('986E60AFDAD84956A91E5A0E937532DA','惠普（HP）光影精灵7MAX',6790,6669,'products/B/1/766634BEB17A4B518CBBB411C2BC11C1.png','2020-10-16',0,' 惠普（HP）光影精灵7MAX 暗影暗夜精灵6plus 15.6英寸游戏笔记本电脑 i7-10870H 1650Ti-4G 高色域 16G内存 512G PCIE高速固态 ',0,'2'),('B15828A515A849F5A9BBB07313A03579','智能手机',9999,8888,'products/6/D/D15AF4BB87804ADB9FA000CA4EE53D2E.jpg','2021-07-03',1,'66666666666',0,'1'),('B1C61CF5E2274341B64FE934A7E4C493','OPPO Reno6 5G',2499,2399,'products/2/f27b6c38532bf452.jpg','2021-03-10',0,' OPPO Reno6 5G 6400万水光镜头 65W超级闪充 夏日晴海 8+128GB大内存 轻薄拍照手机 ',0,'1'),('B35DC566279348569CD8C6FFFC8F723E','小米11 Pro 5G',4799,4499,'products/2/3635de89bed25f46.jpg','2021-07-23',0,'小米11 Pro 5G 骁龙888 2K AMOLED四曲面柔性屏 67W无线闪充 3D玻璃工艺 8GB+256G',0,'1'),('B69A4F0104E94754954DFDF332CDB2DB','Apple iPhone 12 (A2404) 64GB',6099,5499,'products/2/033DB8C54D2941848FB143C60F13D9CF.jpg','2021-07-04',0,'Apple iPhone 12 (A2404) 64GB 紫色 支持移动联通电信5G 双卡双待手机',0,'1'),('BA8ECB633E224D2FB74C4A797E53D2F0','魅族 18 Pro 8GB+256GB',5499,5300,'products/2/B145BB65702C4464A8017676F0B21082.jpg','2021-07-05',1,'魅族 18 Pro 8GB+256GB 飞雪流光 骁龙888 2K AMOLED曲面屏 4400W前摄光学防抖 40W无线超充 旗舰5G手机 ',0,'1'),('BAA7288A0AAA4DFDBB20BF3E9D00E686','华为 HUAWEI Mate 40 Pro',6599,6399,'products/2/258F63E1A6334AB2B9478468DA550716.jpg','2021-07-02',0,'华为 HUAWEI Mate 40 Pro 4G 全网通 麒麟9000旗舰芯片 8GB+256GB亮黑色手机	',0,'1'),('BB33E55E0FFB4F14B0C60E21E4EB625E','联想YOGA 14s 2021款',6499,6399,'products/0/8/E59F8D3B741A46DF83C11303621827E8.jpg','2021-04-21',0,'联想YOGA 14s 2021款 14英寸全面屏超轻薄笔记本电脑(I5-11300H 16G 512G MX450 2.8K 90Hz 高色域屏)灰 ',0,'2'),('C51BA5E79B904343922C98DA276921EE','小米11青春版',2099,2069,'products/2/9e001824c00bdd4d.jpg','2021-02-11',1,'小米11青春版 骁龙780G处理器 AMOLED柔性直屏 8GB+128GB 冰峰黑提 5G时尚游戏手机',0,'1'),('DE89C6B74DA84E4FB29403CF1806D261',' 小米11 5G 骁龙888',1099,999,'products/2/69750278fbff8ae5.jpg','2021-05-26',0,' 小米11 5G 骁龙888 2K AMOLED四曲面柔性屏 1亿像素 55W有线闪充 50W无线闪充 12GB+256GB 蓝色 游戏手机',0,'1'),('E6C756EEFD544244842DA6E4D5C3014C','联想拯救者R9000X 2021款',7999,7699,'products/A/E/77CBAB54D5E841DEA685F72D47A5D71A.jpg','2021-02-18',1,' 联想拯救者R9000X 2021款p超轻薄游戏笔记本电脑144Hz高刷电竞屏锐龙R7-4800H八核 16G 1T固态 GTX1650Ti-4G 定制 金属机身 指纹识别 15.6英寸大屏',0,'2'),('E80EB616855243378F71FAD4BD7D165B','华为荣耀20',2099,1999,'products/4/6/2C3ECEB8765D40BC897911FF1A72F8DC.jpg',NULL,1,'很牛掰的荣耀20',1,'1'),('F1EABD8B96834448ADAFA8EA1262379B',' Redmi Note8',2499,2399,'products/2/a5696445bf5260a7.jpg','2021-05-11',0,' Redmi Note8 4800万全场景四摄 4000mAh长续航 高通骁龙665 18W快充 小金刚品质保证 6GB+128GB 梦幻蓝 游戏智能手机',0,'1'),('FAA61C7C9B264BBB9689535B4BE90E6B','OPPO Find X3 Pro',7999,7599,'products/2/3bfd6f8a27ca24d8.jpg','2021-06-15',1,' OPPO Find X3 Pro 骁龙888 5000万双主摄IMX766 10亿色臻彩屏 60倍显微镜 8+256GB 镜黑 5G拍照旗舰手机 ',0,'1');

/*Table structure for table `user` */

DROP TABLE IF EXISTS `user`;

CREATE TABLE `user` (
  `uid` varchar(32) NOT NULL,
  `username` varchar(20) DEFAULT NULL,
  `password` varchar(20) DEFAULT NULL,
  `name` varchar(20) DEFAULT NULL,
  `email` varchar(30) DEFAULT NULL,
  `telephone` varchar(20) DEFAULT NULL,
  `birthday` date DEFAULT NULL,
  `sex` varchar(10) DEFAULT NULL,
  `state` int(11) DEFAULT NULL,
  `code` varchar(64) DEFAULT NULL,
  PRIMARY KEY (`uid`)
) ENGINE=InnoDB DEFAULT CHARSET=utf8;

/*Data for the table `user` */

insert  into `user`(`uid`,`username`,`password`,`name`,`email`,`telephone`,`birthday`,`sex`,`state`,`code`) values ('26DEC5C7C25B436595874A43F1B7CBD6','zhangsan','zhangsan123','dalizi','2422737092@qq.com','18625983574','2021-07-23','男',1,'9E3FA07CE3C84ED988ECF93AF936AD1C'),('577BE0F6AE81422C90FE0DF2F9B569BA','zhangsan12345','zhangsan12345','dalizi','2422737092@qq.com','18625983574','2021-07-09','男',1,'4C3A81B794DD49979C20577B298D02AA'),('85CE997D3B104D46B1358B17D28B49E0','zhangsan123','zhangsan123','xiaoli66','2422736692@qq.com','18625983577','2021-06-16','男',1,'746746D5AEB44F33AFDE22C0C6744EFF'),('9E675FD08E844B50B208D4B1AC6BBCD5','dalizi666','dalizi666','dalizi','2422737092@qq.com','18625983574','2021-07-01','男',1,'3924CE3959F64B039A370F5DCEF2E1B0'),('A651A4F779F447F380BD7EF3DA630D48','zhangsan1234','zhangsan1234','dalizi','2422737092@qq.com','18625983574','2021-07-07','男',1,'E0A6839A36FC40DFA193FFC168CBF804'),('D4FA84C196DD47C49C26620172DF7E4C','zhangsan666','zhangsan666','dalizi','2422737092@qq.com','18625983333','2021-07-10','男',0,'C50A99EE2E12452DBC98C5EB15D1568B');

/*!40101 SET SQL_MODE=@OLD_SQL_MODE */;
/*!40014 SET FOREIGN_KEY_CHECKS=@OLD_FOREIGN_KEY_CHECKS */;
/*!40014 SET UNIQUE_CHECKS=@OLD_UNIQUE_CHECKS */;
/*!40111 SET SQL_NOTES=@OLD_SQL_NOTES */;
